Date,Type,Price ,Index
Jan-95,Detached,"161,449",21.7
Feb-95,Detached,"157,449",21.2
Mar-95,Detached,"156,090",21.0
Apr-95,Detached,"156,932",21.1
May-95,Detached,"158,778",21.4
Jun-95,Detached,"158,322",21.3
Jul-95,Detached,"161,896",21.8
Aug-95,Detached,"160,991",21.7
Sep-95,Detached,"159,829",21.5
Oct-95,Detached,"160,268",21.6
Nov-95,Detached,"157,177",21.1
Dec-95,Detached,"158,799",21.4
Jan-96,Detached,"159,926",21.5
Feb-96,Detached,"159,662",21.5
Mar-96,Detached,"161,107",21.7
Apr-96,Detached,"160,304",21.6
May-96,Detached,"160,540",21.6
Jun-96,Detached,"163,374",22.0
Jul-96,Detached,"167,042",22.5
Aug-96,Detached,"168,725",22.7
Sep-96,Detached,"169,961",22.9
Oct-96,Detached,"171,030",23.0
Nov-96,Detached,"168,697",22.7
Dec-96,Detached,"171,030",23.0
Jan-97,Detached,"176,010",23.7
Feb-97,Detached,"176,433",23.7
Mar-97,Detached,"177,667",23.9
Apr-97,Detached,"180,373",24.3
May-97,Detached,"186,373",25.1
Jun-97,Detached,"190,062",25.6
Jul-97,Detached,"196,287",26.4
Aug-97,Detached,"198,166",26.7
Sep-97,Detached,"203,053",27.3
Oct-97,Detached,"202,832",27.3
Nov-97,Detached,"206,280",27.7
Dec-97,Detached,"206,669",27.8
Jan-98,Detached,"212,537",28.6
Feb-98,Detached,"205,692",27.7
Mar-98,Detached,"209,210",28.1
Apr-98,Detached,"214,790",28.9
May-98,Detached,"212,891",28.6
Jun-98,Detached,"216,398",29.1
Jul-98,Detached,"223,821",30.1
Aug-98,Detached,"226,677",30.5
Sep-98,Detached,"226,350",30.4
Oct-98,Detached,"225,428",30.3
Nov-98,Detached,"225,927",30.4
Dec-98,Detached,"221,985",29.9
Jan-99,Detached,"226,545",30.5
Feb-99,Detached,"225,504",30.3
Mar-99,Detached,"227,657",30.6
Apr-99,Detached,"232,531",31.3
May-99,Detached,"232,262",31.2
Jun-99,Detached,"240,343",32.3
Jul-99,Detached,"249,454",33.6
Aug-99,Detached,"252,272",33.9
Sep-99,Detached,"260,347",35.0
Oct-99,Detached,"261,720",35.2
Nov-99,Detached,"267,166",35.9
Dec-99,Detached,"265,355",35.7
Jan-00,Detached,"280,980",37.8
Feb-00,Detached,"279,796",37.6
Mar-00,Detached,"284,608",38.3
Apr-00,Detached,"293,946",39.5
May-00,Detached,"297,670",40.0
Jun-00,Detached,"298,774",40.2
Jul-00,Detached,"313,017",42.1
Aug-00,Detached,"311,885",41.9
Sep-00,Detached,"314,775",42.3
Oct-00,Detached,"314,817",42.3
Nov-00,Detached,"314,211",42.3
Dec-00,Detached,"307,562",41.4
Jan-01,Detached,"313,677",42.2
Feb-01,Detached,"316,859",42.6
Mar-01,Detached,"312,590",42.0
Apr-01,Detached,"317,568",42.7
May-01,Detached,"320,126",43.1
Jun-01,Detached,"321,946",43.3
Jul-01,Detached,"337,102",45.3
Aug-01,Detached,"340,860",45.8
Sep-01,Detached,"344,116",46.3
Oct-01,Detached,"348,354",46.9
Nov-01,Detached,"346,501",46.6
Dec-01,Detached,"340,664",45.8
Jan-02,Detached,"352,528",47.4
Feb-02,Detached,"347,520",46.7
Mar-02,Detached,"351,801",47.3
Apr-02,Detached,"359,916",48.4
May-02,Detached,"367,527",49.4
Jun-02,Detached,"369,726",49.7
Jul-02,Detached,"389,899",52.4
Aug-02,Detached,"394,662",53.1
Sep-02,Detached,"399,194",53.7
Oct-02,Detached,"404,694",54.4
Nov-02,Detached,"412,507",55.5
Dec-02,Detached,"407,963",54.9
Jan-03,Detached,"419,137",56.4
Feb-03,Detached,"414,982",55.8
Mar-03,Detached,"415,288",55.9
Apr-03,Detached,"415,921",55.9
May-03,Detached,"418,968",56.4
Jun-03,Detached,"417,655",56.2
Jul-03,Detached,"426,441",57.4
Aug-03,Detached,"423,770",57.0
Sep-03,Detached,"428,779",57.7
Oct-03,Detached,"427,660",57.5
Nov-03,Detached,"425,184",57.2
Dec-03,Detached,"420,852",56.6
Jan-04,Detached,"434,342",58.4
Feb-04,Detached,"434,984",58.5
Mar-04,Detached,"432,135",58.1
Apr-04,Detached,"435,578",58.6
May-04,Detached,"430,197",57.9
Jun-04,Detached,"438,283",59.0
Jul-04,Detached,"447,529",60.2
Aug-04,Detached,"452,951",60.9
Sep-04,Detached,"451,595",60.7
Oct-04,Detached,"448,530",60.3
Nov-04,Detached,"449,256",60.4
Dec-04,Detached,"441,332",59.4
Jan-05,Detached,"448,212",60.3
Feb-05,Detached,"442,730",59.5
Mar-05,Detached,"440,100",59.2
Apr-05,Detached,"443,176",59.6
May-05,Detached,"447,963",60.3
Jun-05,Detached,"443,028",59.6
Jul-05,Detached,"449,202",60.4
Aug-05,Detached,"449,857",60.5
Sep-05,Detached,"451,638",60.7
Oct-05,Detached,"442,924",59.6
Nov-05,Detached,"445,427",59.9
Dec-05,Detached,"438,936",59.0
Jan-06,Detached,"454,025",61.1
Feb-06,Detached,"448,642",60.3
Mar-06,Detached,"454,096",61.1
Apr-06,Detached,"455,431",61.3
May-06,Detached,"460,366",61.9
Jun-06,Detached,"465,913",62.7
Jul-06,Detached,"473,171",63.6
Aug-06,Detached,"478,540",64.4
Sep-06,Detached,"483,177",65.0
Oct-06,Detached,"483,203",65.0
Nov-06,Detached,"484,883",65.2
Dec-06,Detached,"491,261",66.1
Jan-07,Detached,"496,475",66.8
Feb-07,Detached,"501,729",67.5
Mar-07,Detached,"506,544",68.1
Apr-07,Detached,"512,600",68.9
May-07,Detached,"515,304",69.3
Jun-07,Detached,"524,980",70.6
Jul-07,Detached,"547,759",73.7
Aug-07,Detached,"546,248",73.5
Sep-07,Detached,"552,891",74.4
Oct-07,Detached,"555,873",74.8
Nov-07,Detached,"560,486",75.4
Dec-07,Detached,"551,709",74.2
Jan-08,Detached,"562,436",75.7
Feb-08,Detached,"552,961",74.4
Mar-08,Detached,"547,952",73.7
Apr-08,Detached,"557,690",75.0
May-08,Detached,"550,050",74.0
Jun-08,Detached,"542,550",73.0
Jul-08,Detached,"546,197",73.5
Aug-08,Detached,"532,326",71.6
Sep-08,Detached,"524,235",70.5
Oct-08,Detached,"506,702",68.2
Nov-08,Detached,"493,046",66.3
Dec-08,Detached,"480,437",64.6
Jan-09,Detached,"484,980",65.2
Feb-09,Detached,"465,160",62.6
Mar-09,Detached,"460,766",62.0
Apr-09,Detached,"456,683",61.4
May-09,Detached,"462,317",62.2
Jun-09,Detached,"468,537",63.0
Jul-09,Detached,"484,437",65.2
Aug-09,Detached,"491,850",66.2
Sep-09,Detached,"497,220",66.9
Oct-09,Detached,"504,815",67.9
Nov-09,Detached,"501,064",67.4
Dec-09,Detached,"502,617",67.6
Jan-10,Detached,"525,410",70.7
Feb-10,Detached,"524,431",70.5
Mar-10,Detached,"532,768",71.7
Apr-10,Detached,"530,526",71.4
May-10,Detached,"532,230",71.6
Jun-10,Detached,"536,235",72.1
Jul-10,Detached,"560,177",75.3
Aug-10,Detached,"552,684",74.3
Sep-10,Detached,"559,284",75.2
Oct-10,Detached,"548,402",73.8
Nov-10,Detached,"545,732",73.4
Dec-10,Detached,"545,247",73.3
Jan-11,Detached,"561,353",75.5
Feb-11,Detached,"556,285",74.8
Mar-11,Detached,"559,907",75.3
Apr-11,Detached,"556,813",74.9
May-11,Detached,"539,789",72.6
Jun-11,Detached,"534,579",71.9
Jul-11,Detached,"555,115",74.7
Aug-11,Detached,"558,789",75.2
Sep-11,Detached,"566,622",76.2
Oct-11,Detached,"565,503",76.1
Nov-11,Detached,"559,120",75.2
Dec-11,Detached,"553,602",74.5
Jan-12,Detached,"554,780",74.6
Feb-12,Detached,"569,459",76.6
Mar-12,Detached,"544,127",73.2
Apr-12,Detached,"561,806",75.6
May-12,Detached,"570,424",76.7
Jun-12,Detached,"567,821",76.4
Jul-12,Detached,"580,113",78.0
Aug-12,Detached,"582,142",78.3
Sep-12,Detached,"579,776",78.0
Oct-12,Detached,"580,841",78.1
Nov-12,Detached,"579,766",78.0
Dec-12,Detached,"584,430",78.6
Jan-13,Detached,"585,417",78.7
Feb-13,Detached,"584,924",78.7
Mar-13,Detached,"587,252",79.0
Apr-13,Detached,"592,752",79.7
May-13,Detached,"600,796",80.8
Jun-13,Detached,"600,375",80.8
Jul-13,Detached,"612,056",82.3
Aug-13,Detached,"621,017",83.5
Sep-13,Detached,"627,915",84.5
Oct-13,Detached,"629,328",84.6
Nov-13,Detached,"631,279",84.9
Dec-13,Detached,"632,546",85.1
Jan-14,Detached,"651,986",87.7
Feb-14,Detached,"657,774",88.5
Mar-14,Detached,"656,427",88.3
Apr-14,Detached,"688,122",92.6
May-14,Detached,"692,487",93.1
Jun-14,Detached,"699,099",94.0
Jul-14,Detached,"728,491",98.0
Aug-14,Detached,"739,313",99.4
Sep-14,Detached,"738,828",99.4
Oct-14,Detached,"741,040",99.7
Nov-14,Detached,"743,115",100.0
Dec-14,Detached,"739,606",99.5
Jan-15,Detached,"743,471",100.0
Feb-15,Detached,"748,417",100.7
Mar-15,Detached,"746,670",100.4
Apr-15,Detached,"759,614",102.2
May-15,Detached,"758,190",102.0
Jun-15,Detached,"772,089",103.8
Jul-15,Detached,"787,783",106.0
Aug-15,Detached,"805,864",108.4
Sep-15,Detached,"820,565",110.4
Oct-15,Detached,"824,799",110.9
Nov-15,Detached,"828,661",111.5
Dec-15,Detached,"844,884",113.6
Jan-16,Detached,"846,956",113.9
Feb-16,Detached,"863,896",116.2
Mar-16,Detached,"873,391",117.5
Apr-16,Detached,"859,832",115.7
May-16,Detached,"864,839",116.3
Jun-16,Detached,"885,121",119.1
Jul-16,Detached,"893,103",120.1
Aug-16,Detached,"889,075",119.6
Sep-16,Detached,"883,706",118.9
Oct-16,Detached,"883,336",118.8
Nov-16,Detached,"886,553",119.2
Dec-16,Detached,"887,005",119.3
Jan-17,Detached,"893,279",120.1
Feb-17,Detached,"887,959",119.4
Mar-17,Detached,"893,859",120.2
Apr-17,Detached,"899,133",120.9
May-17,Detached,"890,430",119.8
Jun-17,Detached,"890,539",119.8
Jul-17,Detached,"903,023",121.5
Aug-17,Detached,"904,655",121.7
Sep-17,Detached,"913,220",122.8
Oct-17,Detached,"908,782",122.2
Nov-17,Detached,"892,900",120.1
Dec-17,Detached,"899,100",120.9
Jan-18,Detached,"895,602",120.5
Feb-18,Detached,"898,057",120.8
Mar-18,Detached,"890,041",119.7
Apr-18,Detached,"898,928",120.9
May-18,Detached,"903,088",121.5
Jun-18,Detached,"909,153",122.3
Jul-18,Detached,"929,011",125.0
Aug-18,Detached,"912,509",122.7
Sep-18,Detached,"912,657",122.8
Oct-18,Detached,"919,152",123.6
Nov-18,Detached,"914,236",123.0
Dec-18,Detached,"898,953",120.9
Jan-19,Detached,"909,861",122.4
Feb-19,Detached,"897,130",120.7
Mar-19,Detached,"879,600",118.3
Apr-19,Detached,"888,074",119.4
May-19,Detached,"880,679",118.5
Jun-19,Detached,"894,543",120.3
Jul-19,Detached,"901,426",121.2
Aug-19,Detached,"903,236",121.5
Sep-19,Detached,"900,358",121.1
Oct-19,Detached,"903,366",121.5
Nov-19,Detached,"904,492",121.7
Dec-19,Detached,"908,835",122.2
Jan-20,Detached,"891,775",119.9
Feb-20,Detached,"913,683",122.9
Mar-20,Detached,"919,659",123.7
Apr-20,Detached,"919,867",123.7
May-20,Detached,"904,191",121.6
Jun-20,Detached,"905,830",121.8
Jul-20,Detached,"918,745",123.6
Aug-20,Detached,"936,008",125.9
Sep-20,Detached,"940,995",126.6
Oct-20,Detached,"943,640",126.9
Nov-20,Detached,"961,077",129.3
Dec-20,Detached,"962,199",129.4
Jan-21,Detached,"964,309",140.4
Feb-21,Detached,"956,499",141.0
Mar-21,Detached,"968,148",142.5
Apr-21,Detached,"968,326",143.9
May-21,Detached,"973,866",144.4
Jun-21,Detached,"995,157",145.2
Jul-21,Detached,"1,002,018",146.1
Aug-21,Detached,"1,037,321",149.0
Sep-21,Detached,"1,030,185",149.7
Oct-21,Detached,"1,056,409",147.2
Nov-21,Detached,"1,050,952",148.5
Dec-21,Detached,"1,047,821",146.5
Jan-22,Detached,"1,044,080",140.4
Feb-22,Detached,"1,048,655",141.0
Mar-22,Detached,"1,059,572",142.5
Apr-22,Detached,"1,069,661",143.9
May-22,Detached,"1,073,598",144.4
Jun-22,Detached,"1,079,524",145.2
Jul-22,Detached,"1,086,212",146.1
Aug-22,Detached,"1,108,205",149.1
Sep-22,Detached,"1,111,707",149.5
Oct-22,Detached,"1,092,929",147.0
Nov-22,Detached,"1,103,278",148.4
Dec-22,Detached,"1,089,197",146.5
Jan-23,Detached,"1,093,593",147.1
Feb-23,Detached,"1,082,165",145.6
Mar-23,Detached,"1,071,034",144.1
Apr-23,Detached,"1,070,807",144.0
May-23,Detached,"1,041,414",140.1
Jun-23,Detached,"1,068,296",143.7
Jul-23,Detached,"1,095,855",147.4
Aug-23,Detached,"1,107,455",149.0
Sep-23,Detached,"1,075,574",144.7
Jan-95,Semi Detached,"95,898",20.3
Feb-95,Semi Detached,"96,084",20.4
Mar-95,Semi Detached,"94,981",20.1
Apr-95,Semi Detached,"95,193",20.2
May-95,Semi Detached,"96,727",20.5
Jun-95,Semi Detached,"96,551",20.5
Jul-95,Semi Detached,"97,609",20.7
Aug-95,Semi Detached,"97,064",20.6
Sep-95,Semi Detached,"96,135",20.4
Oct-95,Semi Detached,"95,894",20.3
Nov-95,Semi Detached,"95,155",20.2
Dec-95,Semi Detached,"96,433",20.4
Jan-96,Semi Detached,"96,393",20.4
Feb-96,Semi Detached,"97,498",20.7
Mar-96,Semi Detached,"97,079",20.6
Apr-96,Semi Detached,"97,381",20.6
May-96,Semi Detached,"98,333",20.8
Jun-96,Semi Detached,"99,096",21.0
Jul-96,Semi Detached,"100,384",21.3
Aug-96,Semi Detached,"101,125",21.4
Sep-96,Semi Detached,"101,873",21.6
Oct-96,Semi Detached,"101,781",21.6
Nov-96,Semi Detached,"102,161",21.6
Dec-96,Semi Detached,"104,399",22.1
Jan-97,Semi Detached,"105,732",22.4
Feb-97,Semi Detached,"105,446",22.3
Mar-97,Semi Detached,"106,903",22.7
Apr-97,Semi Detached,"108,927",23.1
May-97,Semi Detached,"112,329",23.8
Jun-97,Semi Detached,"113,227",24.0
Jul-97,Semi Detached,"117,350",24.9
Aug-97,Semi Detached,"118,155",25.0
Sep-97,Semi Detached,"120,516",25.5
Oct-97,Semi Detached,"120,574",25.6
Nov-97,Semi Detached,"121,845",25.8
Dec-97,Semi Detached,"124,400",26.4
Jan-98,Semi Detached,"124,936",26.5
Feb-98,Semi Detached,"123,670",26.2
Mar-98,Semi Detached,"125,718",26.6
Apr-98,Semi Detached,"128,936",27.3
May-98,Semi Detached,"129,081",27.4
Jun-98,Semi Detached,"130,638",27.7
Jul-98,Semi Detached,"133,832",28.4
Aug-98,Semi Detached,"133,532",28.3
Sep-98,Semi Detached,"134,219",28.4
Oct-98,Semi Detached,"133,839",28.4
Nov-98,Semi Detached,"134,036",28.4
Dec-98,Semi Detached,"134,030",28.4
Jan-99,Semi Detached,"134,708",28.5
Feb-99,Semi Detached,"134,203",28.4
Mar-99,Semi Detached,"136,004",28.8
Apr-99,Semi Detached,"138,706",29.4
May-99,Semi Detached,"139,800",29.6
Jun-99,Semi Detached,"143,345",30.4
Jul-99,Semi Detached,"147,256",31.2
Aug-99,Semi Detached,"149,578",31.7
Sep-99,Semi Detached,"152,521",32.3
Oct-99,Semi Detached,"154,879",32.8
Nov-99,Semi Detached,"158,051",33.5
Dec-99,Semi Detached,"159,147",33.7
Jan-00,Semi Detached,"165,413",35.1
Feb-00,Semi Detached,"165,391",35.0
Mar-00,Semi Detached,"168,433",35.7
Apr-00,Semi Detached,"174,235",36.9
May-00,Semi Detached,"176,792",37.5
Jun-00,Semi Detached,"179,057",37.9
Jul-00,Semi Detached,"183,384",38.9
Aug-00,Semi Detached,"184,296",39.1
Sep-00,Semi Detached,"183,347",38.9
Oct-00,Semi Detached,"184,698",39.1
Nov-00,Semi Detached,"182,742",38.7
Dec-00,Semi Detached,"182,542",38.7
Jan-01,Semi Detached,"185,344",39.3
Feb-01,Semi Detached,"187,191",39.7
Mar-01,Semi Detached,"186,613",39.5
Apr-01,Semi Detached,"187,982",39.8
May-01,Semi Detached,"192,150",40.7
Jun-01,Semi Detached,"193,754",41.1
Jul-01,Semi Detached,"199,554",42.3
Aug-01,Semi Detached,"201,833",42.8
Sep-01,Semi Detached,"202,792",43.0
Oct-01,Semi Detached,"205,977",43.6
Nov-01,Semi Detached,"206,766",43.8
Dec-01,Semi Detached,"205,384",43.5
Jan-02,Semi Detached,"210,722",44.7
Feb-02,Semi Detached,"209,278",44.3
Mar-02,Semi Detached,"211,962",44.9
Apr-02,Semi Detached,"217,092",46.0
May-02,Semi Detached,"223,779",47.4
Jun-02,Semi Detached,"224,529",47.6
Jul-02,Semi Detached,"233,908",49.6
Aug-02,Semi Detached,"239,197",50.7
Sep-02,Semi Detached,"242,636",51.4
Oct-02,Semi Detached,"246,998",52.3
Nov-02,Semi Detached,"248,842",52.7
Dec-02,Semi Detached,"252,359",53.5
Jan-03,Semi Detached,"254,641",54.0
Feb-03,Semi Detached,"256,602",54.4
Mar-03,Semi Detached,"255,085",54.1
Apr-03,Semi Detached,"258,067",54.7
May-03,Semi Detached,"261,553",55.4
Jun-03,Semi Detached,"259,215",54.9
Jul-03,Semi Detached,"266,051",56.4
Aug-03,Semi Detached,"264,469",56.0
Sep-03,Semi Detached,"266,092",56.4
Oct-03,Semi Detached,"267,387",56.7
Nov-03,Semi Detached,"267,314",56.6
Dec-03,Semi Detached,"267,879",56.8
Jan-04,Semi Detached,"271,332",57.5
Feb-04,Semi Detached,"273,084",57.9
Mar-04,Semi Detached,"271,383",57.5
Apr-04,Semi Detached,"278,620",59.0
May-04,Semi Detached,"279,298",59.2
Jun-04,Semi Detached,"281,838",59.7
Jul-04,Semi Detached,"288,388",61.1
Aug-04,Semi Detached,"288,655",61.2
Sep-04,Semi Detached,"288,161",61.1
Oct-04,Semi Detached,"286,511",60.7
Nov-04,Semi Detached,"287,896",61.0
Dec-04,Semi Detached,"282,435",59.9
Jan-05,Semi Detached,"284,417",60.3
Feb-05,Semi Detached,"283,523",60.1
Mar-05,Semi Detached,"282,278",59.8
Apr-05,Semi Detached,"286,920",60.8
May-05,Semi Detached,"288,344",61.1
Jun-05,Semi Detached,"287,519",60.9
Jul-05,Semi Detached,"290,947",61.7
Aug-05,Semi Detached,"288,600",61.2
Sep-05,Semi Detached,"290,297",61.5
Oct-05,Semi Detached,"286,183",60.6
Nov-05,Semi Detached,"288,242",61.1
Dec-05,Semi Detached,"285,358",60.5
Jan-06,Semi Detached,"291,590",61.8
Feb-06,Semi Detached,"289,915",61.4
Mar-06,Semi Detached,"292,056",61.9
Apr-06,Semi Detached,"296,200",62.8
May-06,Semi Detached,"297,797",63.1
Jun-06,Semi Detached,"301,279",63.8
Jul-06,Semi Detached,"306,203",64.9
Aug-06,Semi Detached,"308,896",65.5
Sep-06,Semi Detached,"310,130",65.7
Oct-06,Semi Detached,"311,206",65.9
Nov-06,Semi Detached,"312,651",66.3
Dec-06,Semi Detached,"316,458",67.1
Jan-07,Semi Detached,"319,628",67.7
Feb-07,Semi Detached,"322,708",68.4
Mar-07,Semi Detached,"325,473",69.0
Apr-07,Semi Detached,"330,825",70.1
May-07,Semi Detached,"334,101",70.8
Jun-07,Semi Detached,"337,493",71.5
Jul-07,Semi Detached,"350,983",74.4
Aug-07,Semi Detached,"350,162",74.2
Sep-07,Semi Detached,"351,709",74.5
Oct-07,Semi Detached,"351,538",74.5
Nov-07,Semi Detached,"354,894",75.2
Dec-07,Semi Detached,"352,333",74.7
Jan-08,Semi Detached,"354,015",75.0
Feb-08,Semi Detached,"351,217",74.4
Mar-08,Semi Detached,"349,568",74.1
Apr-08,Semi Detached,"349,515",74.1
May-08,Semi Detached,"350,758",74.3
Jun-08,Semi Detached,"344,894",73.1
Jul-08,Semi Detached,"343,508",72.8
Aug-08,Semi Detached,"335,791",71.2
Sep-08,Semi Detached,"326,819",69.3
Oct-08,Semi Detached,"316,158",67.0
Nov-08,Semi Detached,"308,780",65.4
Dec-08,Semi Detached,"303,686",64.4
Jan-09,Semi Detached,"300,817",63.7
Feb-09,Semi Detached,"296,380",62.8
Mar-09,Semi Detached,"291,834",61.8
Apr-09,Semi Detached,"291,883",61.9
May-09,Semi Detached,"295,985",62.7
Jun-09,Semi Detached,"299,623",63.5
Jul-09,Semi Detached,"310,207",65.7
Aug-09,Semi Detached,"314,236",66.6
Sep-09,Semi Detached,"316,791",67.1
Oct-09,Semi Detached,"321,628",68.2
Nov-09,Semi Detached,"318,077",67.4
Dec-09,Semi Detached,"323,927",68.6
Jan-10,Semi Detached,"335,145",71.0
Feb-10,Semi Detached,"335,551",71.1
Mar-10,Semi Detached,"335,940",71.2
Apr-10,Semi Detached,"337,788",71.6
May-10,Semi Detached,"337,877",71.6
Jun-10,Semi Detached,"340,019",72.1
Jul-10,Semi Detached,"351,466",74.5
Aug-10,Semi Detached,"352,306",74.7
Sep-10,Semi Detached,"350,133",74.2
Oct-10,Semi Detached,"345,578",73.2
Nov-10,Semi Detached,"343,402",72.8
Dec-10,Semi Detached,"344,640",73.0
Jan-11,Semi Detached,"347,089",73.6
Feb-11,Semi Detached,"343,860",72.9
Mar-11,Semi Detached,"342,214",72.5
Apr-11,Semi Detached,"346,657",73.5
May-11,Semi Detached,"342,357",72.5
Jun-11,Semi Detached,"340,812",72.2
Jul-11,Semi Detached,"350,495",74.3
Aug-11,Semi Detached,"354,046",75.0
Sep-11,Semi Detached,"353,417",74.9
Oct-11,Semi Detached,"354,002",75.0
Nov-11,Semi Detached,"348,955",73.9
Dec-11,Semi Detached,"350,948",74.4
Jan-12,Semi Detached,"352,985",74.8
Feb-12,Semi Detached,"354,995",75.2
Mar-12,Semi Detached,"345,599",73.2
Apr-12,Semi Detached,"354,724",75.2
May-12,Semi Detached,"361,779",76.7
Jun-12,Semi Detached,"361,738",76.7
Jul-12,Semi Detached,"366,704",77.7
Aug-12,Semi Detached,"368,878",78.2
Sep-12,Semi Detached,"365,664",77.5
Oct-12,Semi Detached,"367,792",77.9
Nov-12,Semi Detached,"366,472",77.7
Dec-12,Semi Detached,"368,743",78.1
Jan-13,Semi Detached,"371,472",78.7
Feb-13,Semi Detached,"369,428",78.3
Mar-13,Semi Detached,"369,862",78.4
Apr-13,Semi Detached,"374,400",79.3
May-13,Semi Detached,"379,979",80.5
Jun-13,Semi Detached,"380,448",80.6
Jul-13,Semi Detached,"388,303",82.3
Aug-13,Semi Detached,"394,860",83.7
Sep-13,Semi Detached,"394,236",83.5
Oct-13,Semi Detached,"398,386",84.4
Nov-13,Semi Detached,"401,464",85.1
Dec-13,Semi Detached,"405,661",86.0
Jan-14,Semi Detached,"413,770",87.7
Feb-14,Semi Detached,"415,632",88.1
Mar-14,Semi Detached,"417,649",88.5
Apr-14,Semi Detached,"435,644",92.3
May-14,Semi Detached,"441,186",93.5
Jun-14,Semi Detached,"446,329",94.6
Jul-14,Semi Detached,"465,103",98.6
Aug-14,Semi Detached,"471,552",99.9
Sep-14,Semi Detached,"468,585",99.3
Oct-14,Semi Detached,"470,849",99.8
Nov-14,Semi Detached,"472,027",100.0
Dec-14,Semi Detached,"469,349",99.5
Jan-15,Semi Detached,"471,904",100.0
Feb-15,Semi Detached,"473,702",100.4
Mar-15,Semi Detached,"474,072",100.5
Apr-15,Semi Detached,"480,438",101.8
May-15,Semi Detached,"485,444",102.9
Jun-15,Semi Detached,"493,081",104.5
Jul-15,Semi Detached,"506,181",107.3
Aug-15,Semi Detached,"514,997",109.1
Sep-15,Semi Detached,"517,030",109.6
Oct-15,Semi Detached,"525,228",111.3
Nov-15,Semi Detached,"528,318",112.0
Dec-15,Semi Detached,"536,465",113.7
Jan-16,Semi Detached,"546,758",115.9
Feb-16,Semi Detached,"550,400",116.6
Mar-16,Semi Detached,"549,954",116.5
Apr-16,Semi Detached,"551,600",116.9
May-16,Semi Detached,"557,920",118.2
Jun-16,Semi Detached,"560,281",118.7
Jul-16,Semi Detached,"572,688",121.4
Aug-16,Semi Detached,"568,552",120.5
Sep-16,Semi Detached,"565,376",119.8
Oct-16,Semi Detached,"565,977",119.9
Nov-16,Semi Detached,"562,093",119.1
Dec-16,Semi Detached,"562,272",119.1
Jan-17,Semi Detached,"568,911",120.6
Feb-17,Semi Detached,"563,242",119.4
Mar-17,Semi Detached,"566,834",120.1
Apr-17,Semi Detached,"567,701",120.3
May-17,Semi Detached,"571,569",121.1
Jun-17,Semi Detached,"569,116",120.6
Jul-17,Semi Detached,"582,307",123.4
Aug-17,Semi Detached,"579,880",122.9
Sep-17,Semi Detached,"578,519",122.6
Oct-17,Semi Detached,"580,410",123.0
Nov-17,Semi Detached,"573,421",121.5
Dec-17,Semi Detached,"573,194",121.5
Jan-18,Semi Detached,"576,870",122.2
Feb-18,Semi Detached,"574,508",121.7
Mar-18,Semi Detached,"572,169",121.2
Apr-18,Semi Detached,"579,191",122.7
May-18,Semi Detached,"581,868",123.3
Jun-18,Semi Detached,"587,607",124.5
Jul-18,Semi Detached,"591,665",125.4
Aug-18,Semi Detached,"583,664",123.7
Sep-18,Semi Detached,"583,686",123.7
Oct-18,Semi Detached,"586,412",124.3
Nov-18,Semi Detached,"581,142",123.1
Dec-18,Semi Detached,"579,721",122.8
Jan-19,Semi Detached,"578,054",122.5
Feb-19,Semi Detached,"571,003",121.0
Mar-19,Semi Detached,"566,491",120.0
Apr-19,Semi Detached,"570,931",121.0
May-19,Semi Detached,"567,874",120.3
Jun-19,Semi Detached,"580,036",122.9
Jul-19,Semi Detached,"582,013",123.3
Aug-19,Semi Detached,"579,759",122.9
Sep-19,Semi Detached,"577,519",122.4
Oct-19,Semi Detached,"585,314",124.0
Nov-19,Semi Detached,"580,116",122.9
Dec-19,Semi Detached,"584,987",124.0
Jan-20,Semi Detached,"579,863",122.9
Feb-20,Semi Detached,"584,999",124.0
Mar-20,Semi Detached,"591,595",125.4
Apr-20,Semi Detached,"584,188",123.8
May-20,Semi Detached,"583,904",123.7
Jun-20,Semi Detached,"593,030",125.7
Jul-20,Semi Detached,"595,666",126.2
Aug-20,Semi Detached,"607,251",128.7
Sep-20,Semi Detached,"609,905",129.2
Oct-20,Semi Detached,"608,043",128.8
Nov-20,Semi Detached,"617,269",130.8
Dec-20,Semi Detached,"622,112",131.8
Jan-21,Semi Detached,"621,952",140.7
Feb-21,Semi Detached,"615,085",140.3
Mar-21,Semi Detached,"625,379",141.3
Apr-21,Semi Detached,"617,624",142.4
May-21,Semi Detached,"619,856",143.8
Jun-21,Semi Detached,"639,903",145.6
Jul-21,Semi Detached,"622,628",147.2
Aug-21,Semi Detached,"651,866",149.3
Sep-21,Semi Detached,"654,180",149.9
Oct-21,Semi Detached,"657,164",148.1
Nov-21,Semi Detached,"659,161",148.4
Dec-21,Semi Detached,"661,568",147.7
Jan-22,Semi Detached,"663,809",140.7
Feb-22,Semi Detached,"662,038",140.3
Mar-22,Semi Detached,"666,861",141.3
Apr-22,Semi Detached,"672,007",142.4
May-22,Semi Detached,"678,595",143.8
Jun-22,Semi Detached,"687,255",145.6
Jul-22,Semi Detached,"694,831",147.2
Aug-22,Semi Detached,"704,338",149.3
Sep-22,Semi Detached,"707,246",149.9
Oct-22,Semi Detached,"698,079",147.9
Nov-22,Semi Detached,"699,272",148.2
Dec-22,Semi Detached,"697,444",147.8
Jan-23,Semi Detached,"696,871",147.7
Feb-23,Semi Detached,"690,260",146.3
Mar-23,Semi Detached,"678,916",143.9
Apr-23,Semi Detached,"680,565",144.2
May-23,Semi Detached,"668,486",141.7
Jun-23,Semi Detached,"677,709",143.6
Jul-23,Semi Detached,"696,287",147.5
Aug-23,Semi Detached,"700,539",148.4
Sep-23,Semi Detached,"687,212",145.6
Jan-95,Terraced," 73,706 ",18.0
Feb-95,Terraced," 73,757 ",18.0
Mar-95,Terraced," 73,571 ",18.0
Apr-95,Terraced," 73,990 ",18.1
May-95,Terraced," 75,063 ",18.4
Jun-95,Terraced," 74,684 ",18.3
Jul-95,Terraced," 75,763 ",18.5
Aug-95,Terraced," 75,103 ",18.4
Sep-95,Terraced," 74,632 ",18.2
Oct-95,Terraced," 73,292 ",17.9
Nov-95,Terraced," 73,136 ",17.9
Dec-95,Terraced," 74,254 ",18.2
Jan-96,Terraced," 74,754 ",18.3
Feb-96,Terraced," 75,122 ",18.4
Mar-96,Terraced," 75,029 ",18.3
Apr-96,Terraced," 75,761 ",18.5
May-96,Terraced," 76,984 ",18.8
Jun-96,Terraced," 76,944 ",18.8
Jul-96,Terraced," 77,796 ",19.0
Aug-96,Terraced," 78,590 ",19.2
Sep-96,Terraced," 78,910 ",19.3
Oct-96,Terraced," 78,586 ",19.2
Nov-96,Terraced," 79,649 ",19.5
Dec-96,Terraced," 80,634 ",19.7
Jan-97,Terraced," 82,195 ",20.1
Feb-97,Terraced," 82,178 ",20.1
Mar-97,Terraced," 83,576 ",20.4
Apr-97,Terraced," 84,904 ",20.8
May-97,Terraced," 87,397 ",21.4
Jun-97,Terraced," 88,606 ",21.7
Jul-97,Terraced," 91,655 ",22.4
Aug-97,Terraced," 91,214 ",22.3
Sep-97,Terraced," 92,998 ",22.7
Oct-97,Terraced," 92,778 ",22.7
Nov-97,Terraced," 93,593 ",22.9
Dec-97,Terraced," 95,777 ",23.4
Jan-98,Terraced," 97,066 ",23.7
Feb-98,Terraced," 95,203 ",23.3
Mar-98,Terraced," 97,449 ",23.8
Apr-98,Terraced," 99,850 ",24.4
May-98,Terraced," 100,178 ",24.5
Jun-98,Terraced," 101,331 ",24.8
Jul-98,Terraced," 103,116 ",25.2
Aug-98,Terraced," 102,886 ",25.2
Sep-98,Terraced," 103,312 ",25.3
Oct-98,Terraced," 101,990 ",24.9
Nov-98,Terraced," 101,945 ",24.9
Dec-98,Terraced," 103,013 ",25.2
Jan-99,Terraced," 103,316 ",25.3
Feb-99,Terraced," 102,843 ",25.1
Mar-99,Terraced," 105,074 ",25.7
Apr-99,Terraced," 108,147 ",26.4
May-99,Terraced," 109,229 ",26.7
Jun-99,Terraced," 111,644 ",27.3
Jul-99,Terraced," 115,453 ",28.2
Aug-99,Terraced," 117,728 ",28.8
Sep-99,Terraced," 119,663 ",29.3
Oct-99,Terraced," 119,887 ",29.3
Nov-99,Terraced," 123,329 ",30.2
Dec-99,Terraced," 124,726 ",30.5
Jan-00,Terraced," 127,833 ",31.3
Feb-00,Terraced," 129,708 ",31.7
Mar-00,Terraced," 131,957 ",32.3
Apr-00,Terraced," 136,659 ",33.4
May-00,Terraced," 137,401 ",33.6
Jun-00,Terraced," 139,575 ",34.1
Jul-00,Terraced," 142,702 ",34.9
Aug-00,Terraced," 142,302 ",34.8
Sep-00,Terraced," 142,656 ",34.9
Oct-00,Terraced," 141,042 ",34.5
Nov-00,Terraced," 141,687 ",34.6
Dec-00,Terraced," 141,993 ",34.7
Jan-01,Terraced," 144,786 ",35.4
Feb-01,Terraced," 145,438 ",35.6
Mar-01,Terraced," 146,149 ",35.7
Apr-01,Terraced," 148,477 ",36.3
May-01,Terraced," 152,402 ",37.3
Jun-01,Terraced," 152,838 ",37.4
Jul-01,Terraced," 156,018 ",38.2
Aug-01,Terraced," 159,357 ",39.0
Sep-01,Terraced," 159,498 ",39.0
Oct-01,Terraced," 161,134 ",39.4
Nov-01,Terraced," 161,179 ",39.4
Dec-01,Terraced," 160,381 ",39.2
Jan-02,Terraced," 163,445 ",40.0
Feb-02,Terraced," 164,721 ",40.3
Mar-02,Terraced," 166,555 ",40.7
Apr-02,Terraced," 170,602 ",41.7
May-02,Terraced," 175,772 ",43.0
Jun-02,Terraced," 178,283 ",43.6
Jul-02,Terraced," 184,737 ",45.2
Aug-02,Terraced," 189,142 ",46.3
Sep-02,Terraced," 190,416 ",46.6
Oct-02,Terraced," 192,683 ",47.1
Nov-02,Terraced," 195,211 ",47.7
Dec-02,Terraced," 196,414 ",48.0
Jan-03,Terraced," 202,041 ",49.4
Feb-03,Terraced," 200,114 ",48.9
Mar-03,Terraced," 199,740 ",48.8
Apr-03,Terraced," 201,120 ",49.2
May-03,Terraced," 205,740 ",50.3
Jun-03,Terraced," 202,891 ",49.6
Jul-03,Terraced," 208,794 ",51.1
Aug-03,Terraced," 208,159 ",50.9
Sep-03,Terraced," 208,553 ",51.0
Oct-03,Terraced," 210,387 ",51.4
Nov-03,Terraced," 211,536 ",51.7
Dec-03,Terraced," 211,690 ",51.8
Jan-04,Terraced," 214,541 ",52.5
Feb-04,Terraced," 216,428 ",52.9
Mar-04,Terraced," 217,492 ",53.2
Apr-04,Terraced," 223,420 ",54.6
May-04,Terraced," 224,193 ",54.8
Jun-04,Terraced," 225,947 ",55.3
Jul-04,Terraced," 231,683 ",56.7
Aug-04,Terraced," 232,422 ",56.8
Sep-04,Terraced," 231,902 ",56.7
Oct-04,Terraced," 230,059 ",56.3
Nov-04,Terraced," 231,718 ",56.7
Dec-04,Terraced," 227,556 ",55.6
Jan-05,Terraced," 230,578 ",56.4
Feb-05,Terraced," 229,239 ",56.1
Mar-05,Terraced," 229,777 ",56.2
Apr-05,Terraced," 234,290 ",57.3
May-05,Terraced," 233,940 ",57.2
Jun-05,Terraced," 235,917 ",57.7
Jul-05,Terraced," 237,279 ",58.0
Aug-05,Terraced," 237,217 ",58.0
Sep-05,Terraced," 237,361 ",58.0
Oct-05,Terraced," 234,167 ",57.3
Nov-05,Terraced," 236,536 ",57.8
Dec-05,Terraced," 237,127 ",58.0
Jan-06,Terraced," 240,015 ",58.7
Feb-06,Terraced," 238,395 ",58.3
Mar-06,Terraced," 241,348 ",59.0
Apr-06,Terraced," 245,745 ",60.1
May-06,Terraced," 247,011 ",60.4
Jun-06,Terraced," 251,705 ",61.5
Jul-06,Terraced," 255,910 ",62.6
Aug-06,Terraced," 257,927 ",63.1
Sep-06,Terraced," 257,836 ",63.0
Oct-06,Terraced," 259,231 ",63.4
Nov-06,Terraced," 260,129 ",63.6
Dec-06,Terraced," 264,717 ",64.7
Jan-07,Terraced," 268,351 ",65.6
Feb-07,Terraced," 269,149 ",65.8
Mar-07,Terraced," 274,191 ",67.0
Apr-07,Terraced," 280,670 ",68.6
May-07,Terraced," 282,458 ",69.1
Jun-07,Terraced," 285,874 ",69.9
Jul-07,Terraced," 296,015 ",72.4
Aug-07,Terraced," 298,971 ",73.1
Sep-07,Terraced," 297,548 ",72.8
Oct-07,Terraced," 297,591 ",72.8
Nov-07,Terraced," 296,952 ",72.6
Dec-07,Terraced," 296,305 ",72.5
Jan-08,Terraced," 298,254 ",72.9
Feb-08,Terraced," 294,639 ",72.0
Mar-08,Terraced," 294,811 ",72.1
Apr-08,Terraced," 294,697 ",72.1
May-08,Terraced," 295,286 ",72.2
Jun-08,Terraced," 291,896 ",71.4
Jul-08,Terraced," 288,804 ",70.6
Aug-08,Terraced," 281,308 ",68.8
Sep-08,Terraced," 274,565 ",67.1
Oct-08,Terraced," 262,929 ",64.3
Nov-08,Terraced," 257,811 ",63.0
Dec-08,Terraced," 253,948 ",62.1
Jan-09,Terraced," 250,089 ",61.2
Feb-09,Terraced," 247,380 ",60.5
Mar-09,Terraced," 244,007 ",59.7
Apr-09,Terraced," 243,875 ",59.6
May-09,Terraced," 248,103 ",60.7
Jun-09,Terraced," 254,191 ",62.2
Jul-09,Terraced," 261,258 ",63.9
Aug-09,Terraced," 263,938 ",64.5
Sep-09,Terraced," 267,705 ",65.5
Oct-09,Terraced," 270,498 ",66.1
Nov-09,Terraced," 270,130 ",66.1
Dec-09,Terraced," 273,328 ",66.8
Jan-10,Terraced," 283,569 ",69.3
Feb-10,Terraced," 282,885 ",69.2
Mar-10,Terraced," 281,836 ",68.9
Apr-10,Terraced," 284,471 ",69.6
May-10,Terraced," 285,520 ",69.8
Jun-10,Terraced," 288,347 ",70.5
Jul-10,Terraced," 298,269 ",72.9
Aug-10,Terraced," 295,010 ",72.1
Sep-10,Terraced," 294,941 ",72.1
Oct-10,Terraced," 289,873 ",70.9
Nov-10,Terraced," 284,672 ",69.6
Dec-10,Terraced," 287,916 ",70.4
Jan-11,Terraced," 291,581 ",71.3
Feb-11,Terraced," 286,549 ",70.1
Mar-11,Terraced," 287,434 ",70.3
Apr-11,Terraced," 295,121 ",72.2
May-11,Terraced," 286,936 ",70.2
Jun-11,Terraced," 287,950 ",70.4
Jul-11,Terraced," 298,117 ",72.9
Aug-11,Terraced," 299,996 ",73.4
Sep-11,Terraced," 299,513 ",73.2
Oct-11,Terraced," 294,911 ",72.1
Nov-11,Terraced," 291,888 ",71.4
Dec-11,Terraced," 294,428 ",72.0
Jan-12,Terraced," 297,924 ",72.9
Feb-12,Terraced," 297,507 ",72.7
Mar-12,Terraced," 294,550 ",72.0
Apr-12,Terraced," 301,792 ",73.8
May-12,Terraced," 308,408 ",75.4
Jun-12,Terraced," 312,798 ",76.5
Jul-12,Terraced," 315,144 ",77.1
Aug-12,Terraced," 316,895 ",77.5
Sep-12,Terraced," 314,230 ",76.8
Oct-12,Terraced," 314,956 ",77.0
Nov-12,Terraced," 313,951 ",76.8
Dec-12,Terraced," 319,691 ",78.2
Jan-13,Terraced," 316,619 ",77.4
Feb-13,Terraced," 318,273 ",77.8
Mar-13,Terraced," 317,191 ",77.6
Apr-13,Terraced," 325,254 ",79.5
May-13,Terraced," 327,099 ",80.0
Jun-13,Terraced," 330,385 ",80.8
Jul-13,Terraced," 339,351 ",83.0
Aug-13,Terraced," 343,054 ",83.9
Sep-13,Terraced," 346,089 ",84.6
Oct-13,Terraced," 343,921 ",84.1
Nov-13,Terraced," 348,311 ",85.2
Dec-13,Terraced," 355,889 ",87.0
Jan-14,Terraced," 360,184 ",88.1
Feb-14,Terraced," 361,192 ",88.3
Mar-14,Terraced," 365,214 ",89.3
Apr-14,Terraced," 381,773 ",93.4
May-14,Terraced," 388,249 ",94.9
Jun-14,Terraced," 393,924 ",96.3
Jul-14,Terraced," 407,975 ",99.8
Aug-14,Terraced," 414,689 ",101.4
Sep-14,Terraced," 411,840 ",100.7
Oct-14,Terraced," 410,173 ",100.3
Nov-14,Terraced," 409,211 ",100.1
Dec-14,Terraced," 409,482 ",100.1
Jan-15,Terraced," 408,951 ",100.0
Feb-15,Terraced," 410,966 ",100.5
Mar-15,Terraced," 410,639 ",100.4
Apr-15,Terraced," 419,154 ",102.5
May-15,Terraced," 422,193 ",103.2
Jun-15,Terraced," 431,687 ",105.6
Jul-15,Terraced," 443,661 ",108.5
Aug-15,Terraced," 448,942 ",109.8
Sep-15,Terraced," 450,734 ",110.2
Oct-15,Terraced," 455,397 ",111.4
Nov-15,Terraced," 458,454 ",112.1
Dec-15,Terraced," 462,912 ",113.2
Jan-16,Terraced," 470,317 ",115.0
Feb-16,Terraced," 472,651 ",115.6
Mar-16,Terraced," 477,329 ",116.7
Apr-16,Terraced," 477,313 ",116.7
May-16,Terraced," 481,745 ",117.8
Jun-16,Terraced," 483,455 ",118.2
Jul-16,Terraced," 493,363 ",120.6
Aug-16,Terraced," 488,355 ",119.4
Sep-16,Terraced," 486,660 ",119.0
Oct-16,Terraced," 482,452 ",118.0
Nov-16,Terraced," 480,836 ",117.6
Dec-16,Terraced," 483,479 ",118.2
Jan-17,Terraced," 487,710 ",119.3
Feb-17,Terraced," 482,631 ",118.0
Mar-17,Terraced," 485,460 ",118.7
Apr-17,Terraced," 488,136 ",119.4
May-17,Terraced," 487,874 ",119.3
Jun-17,Terraced," 490,877 ",120.0
Jul-17,Terraced," 499,705 ",122.2
Aug-17,Terraced," 501,173 ",122.6
Sep-17,Terraced," 496,318 ",121.4
Oct-17,Terraced," 494,013 ",120.8
Nov-17,Terraced," 488,341 ",119.4
Dec-17,Terraced," 489,692 ",119.7
Jan-18,Terraced," 490,615 ",120.0
Feb-18,Terraced," 489,511 ",119.7
Mar-18,Terraced," 487,242 ",119.1
Apr-18,Terraced," 493,274 ",120.6
May-18,Terraced," 497,350 ",121.6
Jun-18,Terraced," 497,145 ",121.6
Jul-18,Terraced," 504,801 ",123.4
Aug-18,Terraced," 498,383 ",121.9
Sep-18,Terraced," 496,528 ",121.4
Oct-18,Terraced," 498,827 ",122.0
Nov-18,Terraced," 494,844 ",121.0
Dec-18,Terraced," 490,397 ",119.9
Jan-19,Terraced," 488,264 ",119.4
Feb-19,Terraced," 484,811 ",118.5
Mar-19,Terraced," 483,203 ",118.2
Apr-19,Terraced," 489,953 ",119.8
May-19,Terraced," 486,919 ",119.1
Jun-19,Terraced," 491,748 ",120.2
Jul-19,Terraced," 499,617 ",122.2
Aug-19,Terraced," 500,235 ",122.3
Sep-19,Terraced," 498,838 ",122.0
Oct-19,Terraced," 497,410 ",121.6
Nov-19,Terraced," 495,186 ",121.1
Dec-19,Terraced," 502,755 ",122.9
Jan-20,Terraced," 498,106 ",121.8
Feb-20,Terraced," 501,980 ",122.7
Mar-20,Terraced," 506,338 ",123.8
Apr-20,Terraced," 502,955 ",123.0
May-20,Terraced," 498,207 ",121.8
Jun-20,Terraced," 511,303 ",125.0
Jul-20,Terraced," 511,962 ",125.2
Aug-20,Terraced," 523,007 ",127.9
Sep-20,Terraced," 526,434 ",128.7
Oct-20,Terraced," 523,873 ",128.1
Nov-20,Terraced," 532,079 ",130.1
Dec-20,Terraced," 534,962 ",130.8
Jan-21,Terraced," 561,146 ",137.2
Feb-21,Terraced," 557,962 ",136.4
Mar-21,Terraced," 561,293 ",137.3
Apr-21,Terraced," 571,286 ",139.7
May-21,Terraced," 571,469 ",139.7
Jun-21,Terraced," 584,514 ",142.9
Jul-21,Terraced," 593,915 ",145.2
Aug-21,Terraced," 600,356 ",146.8
Sep-21,Terraced," 599,743 ",146.7
Oct-21,Terraced," 591,791 ",144.7
Nov-21,Terraced," 592,354 ",144.8
Dec-21,Terraced," 588,605 ",143.9
Jan-22,Terraced," 561,146 ",137.2
Feb-22,Terraced," 557,962 ",136.4
Mar-22,Terraced," 561,293 ",137.3
Apr-22,Terraced," 571,286 ",139.7
May-22,Terraced," 571,469 ",139.7
Jun-22,Terraced," 584,514 ",142.9
Jul-22,Terraced," 593,915 ",145.2
Aug-22,Terraced," 599,898 ",146.7
Sep-22,Terraced," 600,085 ",146.7
Oct-22,Terraced," 591,300 ",144.6
Nov-22,Terraced," 592,659 ",144.9
Dec-22,Terraced," 589,140 ",144.1
Jan-23,Terraced," 588,072 ",143.8
Feb-23,Terraced," 578,489 ",141.5
Mar-23,Terraced," 565,324 ",138.2
Apr-23,Terraced," 573,005 ",140.1
May-23,Terraced," 566,678 ",138.6
Jun-23,Terraced," 573,695 ",140.3
Jul-23,Terraced," 587,798 ",143.7
Aug-23,Terraced," 591,317 ",144.6
Sep-23,Terraced," 592,094 ",144.8
Jan-95,Flat," 64,619 ",17.9
Feb-95,Flat," 60,359 ",16.7
Mar-95,Flat," 64,186 ",17.7
Apr-95,Flat," 65,099 ",18.0
May-95,Flat," 65,718 ",18.2
Jun-95,Flat," 66,735 ",18.4
Jul-95,Flat," 65,790 ",18.2
Aug-95,Flat," 65,588 ",18.1
Sep-95,Flat," 65,035 ",18.0
Oct-95,Flat," 64,793 ",17.9
Nov-95,Flat," 65,081 ",18.0
Dec-95,Flat," 66,029 ",18.2
Jan-96,Flat," 65,870 ",18.2
Feb-96,Flat," 66,992 ",18.5
Mar-96,Flat," 66,097 ",18.3
Apr-96,Flat," 68,172 ",18.8
May-96,Flat," 67,630 ",18.7
Jun-96,Flat," 69,564 ",19.2
Jul-96,Flat," 69,523 ",19.2
Aug-96,Flat," 68,901 ",19.0
Sep-96,Flat," 69,975 ",19.3
Oct-96,Flat," 69,598 ",19.2
Nov-96,Flat," 70,450 ",19.5
Dec-96,Flat," 71,374 ",19.7
Jan-97,Flat," 73,141 ",20.2
Feb-97,Flat," 74,410 ",20.6
Mar-97,Flat," 74,926 ",20.7
Apr-97,Flat," 76,393 ",21.1
May-97,Flat," 78,356 ",21.7
Jun-97,Flat," 78,377 ",21.7
Jul-97,Flat," 80,620 ",22.3
Aug-97,Flat," 80,570 ",22.3
Sep-97,Flat," 82,656 ",22.8
Oct-97,Flat," 82,234 ",22.7
Nov-97,Flat," 83,446 ",23.1
Dec-97,Flat," 84,874 ",23.5
Jan-98,Flat," 85,657 ",23.7
Feb-98,Flat," 85,674 ",23.7
Mar-98,Flat," 87,389 ",24.2
Apr-98,Flat," 89,317 ",24.7
May-98,Flat," 88,700 ",24.5
Jun-98,Flat," 90,979 ",25.1
Jul-98,Flat," 91,489 ",25.3
Aug-98,Flat," 91,022 ",25.2
Sep-98,Flat," 91,626 ",25.3
Oct-98,Flat," 91,844 ",25.4
Nov-98,Flat," 91,965 ",25.4
Dec-98,Flat," 92,440 ",25.5
Jan-99,Flat," 93,692 ",25.9
Feb-99,Flat," 93,355 ",25.8
Mar-99,Flat," 95,485 ",26.4
Apr-99,Flat," 96,874 ",26.8
May-99,Flat," 99,033 ",27.4
Jun-99,Flat," 100,255 ",27.7
Jul-99,Flat," 103,599 ",28.6
Aug-99,Flat," 105,931 ",29.3
Sep-99,Flat," 109,954 ",30.4
Oct-99,Flat," 109,870 ",30.4
Nov-99,Flat," 111,981 ",30.9
Dec-99,Flat," 115,071 ",31.8
Jan-00,Flat," 115,506 ",31.9
Feb-00,Flat," 118,641 ",32.8
Mar-00,Flat," 119,340 ",33.0
Apr-00,Flat," 126,608 ",35.0
May-00,Flat," 125,794 ",34.8
Jun-00,Flat," 128,870 ",35.6
Jul-00,Flat," 130,434 ",36.0
Aug-00,Flat," 132,453 ",36.6
Sep-00,Flat," 132,409 ",36.6
Oct-00,Flat," 129,962 ",35.9
Nov-00,Flat," 133,810 ",37.0
Dec-00,Flat," 133,575 ",36.9
Jan-01,Flat," 134,820 ",37.3
Feb-01,Flat," 134,244 ",37.1
Mar-01,Flat," 136,351 ",37.7
Apr-01,Flat," 137,996 ",38.1
May-01,Flat," 142,572 ",39.4
Jun-01,Flat," 144,946 ",40.1
Jul-01,Flat," 145,315 ",40.2
Aug-01,Flat," 149,188 ",41.2
Sep-01,Flat," 149,093 ",41.2
Oct-01,Flat," 149,680 ",41.4
Nov-01,Flat," 151,527 ",41.9
Dec-01,Flat," 153,617 ",42.5
Jan-02,Flat," 153,883 ",42.5
Feb-02,Flat," 154,884 ",42.8
Mar-02,Flat," 157,187 ",43.4
Apr-02,Flat," 163,549 ",45.2
May-02,Flat," 166,997 ",46.2
Jun-02,Flat," 171,396 ",47.4
Jul-02,Flat," 173,793 ",48.0
Aug-02,Flat," 177,432 ",49.0
Sep-02,Flat," 178,855 ",49.4
Oct-02,Flat," 179,988 ",49.7
Nov-02,Flat," 184,228 ",50.9
Dec-02,Flat," 184,471 ",51.0
Jan-03,Flat," 186,926 ",51.7
Feb-03,Flat," 186,523 ",51.5
Mar-03,Flat," 185,407 ",51.2
Apr-03,Flat," 188,347 ",52.1
May-03,Flat," 189,359 ",52.3
Jun-03,Flat," 188,717 ",52.2
Jul-03,Flat," 192,154 ",53.1
Aug-03,Flat," 190,918 ",52.8
Sep-03,Flat," 190,449 ",52.6
Oct-03,Flat," 192,263 ",53.1
Nov-03,Flat," 193,463 ",53.5
Dec-03,Flat," 196,159 ",54.2
Jan-04,Flat," 196,490 ",54.3
Feb-04,Flat," 196,693 ",54.4
Mar-04,Flat," 199,326 ",55.1
Apr-04,Flat," 202,365 ",55.9
May-04,Flat," 204,628 ",56.6
Jun-04,Flat," 207,895 ",57.5
Jul-04,Flat," 209,501 ",57.9
Aug-04,Flat," 210,563 ",58.2
Sep-04,Flat," 209,748 ",58.0
Oct-04,Flat," 207,943 ",57.5
Nov-04,Flat," 211,065 ",58.3
Dec-04,Flat," 206,756 ",57.1
Jan-05,Flat," 208,376 ",57.6
Feb-05,Flat," 207,548 ",57.4
Mar-05,Flat," 207,511 ",57.3
Apr-05,Flat," 211,199 ",58.4
May-05,Flat," 211,479 ",58.4
Jun-05,Flat," 211,100 ",58.3
Jul-05,Flat," 212,892 ",58.8
Aug-05,Flat," 213,620 ",59.0
Sep-05,Flat," 211,176 ",58.4
Oct-05,Flat," 209,507 ",57.9
Nov-05,Flat," 211,694 ",58.5
Dec-05,Flat," 215,567 ",59.6
Jan-06,Flat," 214,584 ",59.3
Feb-06,Flat," 214,773 ",59.4
Mar-06,Flat," 216,507 ",59.8
Apr-06,Flat," 220,453 ",60.9
May-06,Flat," 223,018 ",61.6
Jun-06,Flat," 226,295 ",62.5
Jul-06,Flat," 226,972 ",62.7
Aug-06,Flat," 230,115 ",63.6
Sep-06,Flat," 231,214 ",63.9
Oct-06,Flat," 233,036 ",64.4
Nov-06,Flat," 231,582 ",64.0
Dec-06,Flat," 238,180 ",65.8
Jan-07,Flat," 240,937 ",66.6
Feb-07,Flat," 245,120 ",67.7
Mar-07,Flat," 246,442 ",68.1
Apr-07,Flat," 251,019 ",69.4
May-07,Flat," 256,149 ",70.8
Jun-07,Flat," 258,918 ",71.6
Jul-07,Flat," 266,890 ",73.8
Aug-07,Flat," 269,035 ",74.4
Sep-07,Flat," 270,506 ",74.8
Oct-07,Flat," 270,658 ",74.8
Nov-07,Flat," 268,479 ",74.2
Dec-07,Flat," 270,329 ",74.7
Jan-08,Flat," 269,578 ",74.5
Feb-08,Flat," 267,322 ",73.9
Mar-08,Flat," 264,226 ",73.0
Apr-08,Flat," 265,191 ",73.3
May-08,Flat," 266,306 ",73.6
Jun-08,Flat," 260,848 ",72.1
Jul-08,Flat," 262,734 ",72.6
Aug-08,Flat," 253,968 ",70.2
Sep-08,Flat," 250,460 ",69.2
Oct-08,Flat," 242,805 ",67.1
Nov-08,Flat," 233,135 ",64.4
Dec-08,Flat," 228,422 ",63.1
Jan-09,Flat," 229,353 ",63.4
Feb-09,Flat," 226,949 ",62.7
Mar-09,Flat," 225,466 ",62.3
Apr-09,Flat," 222,092 ",61.4
May-09,Flat," 227,052 ",62.7
Jun-09,Flat," 229,061 ",63.3
Jul-09,Flat," 233,071 ",64.4
Aug-09,Flat," 234,400 ",64.8
Sep-09,Flat," 241,515 ",66.7
Oct-09,Flat," 240,658 ",66.5
Nov-09,Flat," 238,347 ",65.9
Dec-09,Flat," 241,063 ",66.6
Jan-10,Flat," 249,180 ",68.9
Feb-10,Flat," 247,719 ",68.5
Mar-10,Flat," 250,903 ",69.3
Apr-10,Flat," 251,899 ",69.6
May-10,Flat," 250,835 ",69.3
Jun-10,Flat," 253,666 ",70.1
Jul-10,Flat," 259,349 ",71.7
Aug-10,Flat," 257,356 ",71.1
Sep-10,Flat," 256,612 ",70.9
Oct-10,Flat," 253,754 ",70.1
Nov-10,Flat," 250,196 ",69.1
Dec-10,Flat," 253,763 ",70.1
Jan-11,Flat," 255,214 ",70.5
Feb-11,Flat," 253,953 ",70.2
Mar-11,Flat," 257,165 ",71.1
Apr-11,Flat," 264,752 ",73.2
May-11,Flat," 254,026 ",70.2
Jun-11,Flat," 256,336 ",70.8
Jul-11,Flat," 265,623 ",73.4
Aug-11,Flat," 261,746 ",72.3
Sep-11,Flat," 262,610 ",72.6
Oct-11,Flat," 259,320 ",71.7
Nov-11,Flat," 260,317 ",71.9
Dec-11,Flat," 261,000 ",72.1
Jan-12,Flat," 262,346 ",72.5
Feb-12,Flat," 257,937 ",71.3
Mar-12,Flat," 259,216 ",71.6
Apr-12,Flat," 267,993 ",74.1
May-12,Flat," 271,470 ",75.0
Jun-12,Flat," 274,239 ",75.8
Jul-12,Flat," 275,099 ",76.0
Aug-12,Flat," 275,527 ",76.1
Sep-12,Flat," 274,948 ",76.0
Oct-12,Flat," 277,248 ",76.6
Nov-12,Flat," 275,027 ",76.0
Dec-12,Flat," 280,600 ",77.5
Jan-13,Flat," 277,251 ",76.6
Feb-13,Flat," 280,689 ",77.6
Mar-13,Flat," 278,831 ",77.1
Apr-13,Flat," 288,624 ",79.8
May-13,Flat," 288,559 ",79.7
Jun-13,Flat," 290,694 ",80.3
Jul-13,Flat," 298,764 ",82.6
Aug-13,Flat," 299,890 ",82.9
Sep-13,Flat," 306,464 ",84.7
Oct-13,Flat," 305,736 ",84.5
Nov-13,Flat," 309,270 ",85.5
Dec-13,Flat," 319,009 ",88.2
Jan-14,Flat," 320,787 ",88.7
Feb-14,Flat," 323,086 ",89.3
Mar-14,Flat," 326,778 ",90.3
Apr-14,Flat," 337,738 ",93.3
May-14,Flat," 345,723 ",95.5
Jun-14,Flat," 349,362 ",96.6
Jul-14,Flat," 357,492 ",98.8
Aug-14,Flat," 362,768 ",100.3
Sep-14,Flat," 362,757 ",100.3
Oct-14,Flat," 360,746 ",99.7
Nov-14,Flat," 358,450 ",99.1
Dec-14,Flat," 362,322 ",100.1
Jan-15,Flat," 361,840 ",100.0
Feb-15,Flat," 363,574 ",100.5
Mar-15,Flat," 363,615 ",100.5
Apr-15,Flat," 367,469 ",101.6
May-15,Flat," 374,213 ",103.4
Jun-15,Flat," 373,769 ",103.3
Jul-15,Flat," 385,416 ",106.5
Aug-15,Flat," 387,978 ",107.2
Sep-15,Flat," 392,127 ",108.4
Oct-15,Flat," 389,400 ",107.6
Nov-15,Flat," 395,612 ",109.3
Dec-15,Flat," 398,893 ",110.2
Jan-16,Flat," 405,793 ",112.1
Feb-16,Flat," 403,745 ",111.6
Mar-16,Flat," 412,842 ",114.1
Apr-16,Flat," 407,094 ",112.5
May-16,Flat," 414,351 ",114.5
Jun-16,Flat," 413,275 ",114.2
Jul-16,Flat," 418,347 ",115.6
Aug-16,Flat," 415,648 ",114.9
Sep-16,Flat," 416,967 ",115.2
Oct-16,Flat," 417,532 ",115.4
Nov-16,Flat," 418,660 ",115.7
Dec-16,Flat," 419,937 ",116.1
Jan-17,Flat," 421,834 ",116.6
Feb-17,Flat," 427,256 ",118.1
Mar-17,Flat," 422,917 ",116.9
Apr-17,Flat," 428,541 ",118.4
May-17,Flat," 430,111 ",118.9
Jun-17,Flat," 428,001 ",118.3
Jul-17,Flat," 434,837 ",120.2
Aug-17,Flat," 432,209 ",119.4
Sep-17,Flat," 428,892 ",118.5
Oct-17,Flat," 426,315 ",117.8
Nov-17,Flat," 421,807 ",116.6
Dec-17,Flat," 421,917 ",116.6
Jan-18,Flat," 425,766 ",117.7
Feb-18,Flat," 423,537 ",117.1
Mar-18,Flat," 416,546 ",115.1
Apr-18,Flat," 420,315 ",116.2
May-18,Flat," 420,076 ",116.1
Jun-18,Flat," 421,188 ",116.4
Jul-18,Flat," 424,322 ",117.3
Aug-18,Flat," 420,693 ",116.3
Sep-18,Flat," 416,752 ",115.2
Oct-18,Flat," 420,173 ",116.1
Nov-18,Flat," 414,694 ",114.6
Dec-18,Flat," 415,439 ",114.8
Jan-19,Flat," 410,934 ",113.6
Feb-19,Flat," 407,751 ",112.7
Mar-19,Flat," 406,906 ",112.5
Apr-19,Flat," 411,538 ",113.7
May-19,Flat," 404,455 ",111.8
Jun-19,Flat," 410,983 ",113.6
Jul-19,Flat," 420,028 ",116.1
Aug-19,Flat," 410,338 ",113.4
Sep-19,Flat," 419,530 ",115.9
Oct-19,Flat," 412,541 ",114.0
Nov-19,Flat," 405,653 ",112.1
Dec-19,Flat," 418,800 ",115.7
Jan-20,Flat," 416,666 ",115.2
Feb-20,Flat," 411,498 ",113.7
Mar-20,Flat," 420,460 ",116.2
Apr-20,Flat," 411,367 ",113.7
May-20,Flat," 406,149 ",112.2
Jun-20,Flat," 412,696 ",114.1
Jul-20,Flat," 418,283 ",115.6
Aug-20,Flat," 419,456 ",115.9
Sep-20,Flat," 424,519 ",117.3
Oct-20,Flat," 417,093 ",115.3
Nov-20,Flat," 424,338 ",117.3
Dec-20,Flat," 425,729 ",117.7
Jan-21,Flat," 434,068 ",118.1
Feb-21,Flat," 435,531 ",115.4
Mar-21,Flat," 429,475 ",117.9
Apr-21,Flat," 432,906 ",115.5
May-21,Flat," 431,469 ",113.4
Jun-21,Flat," 439,811 ",117.4
Jul-21,Flat," 446,212 ",119.3
Aug-21,Flat," 447,465 ",118.8
Sep-21,Flat," 448,188 ",118.2
Oct-21,Flat," 440,220 ",119.1
Nov-21,Flat," 444,467 ",120.1
Dec-21,Flat," 442,848 ",119.2
Jan-22,Flat," 434,068 ",120.0
Feb-22,Flat," 435,531 ",120.4
Mar-22,Flat," 429,475 ",118.7
Apr-22,Flat," 432,906 ",119.6
May-22,Flat," 431,469 ",119.2
Jun-22,Flat," 439,811 ",121.5
Jul-22,Flat," 446,212 ",123.3
Aug-22,Flat," 447,939 ",123.8
Sep-22,Flat," 447,706 ",123.7
Oct-22,Flat," 439,338 ",121.4
Nov-22,Flat," 443,806 ",122.7
Dec-22,Flat," 442,091 ",122.2
Jan-23,Flat," 444,715 ",122.9
Feb-23,Flat," 437,302 ",120.9
Mar-23,Flat," 432,044 ",119.4
Apr-23,Flat," 437,457 ",120.9
May-23,Flat," 438,045 ",121.1
Jun-23,Flat," 436,111 ",120.5
Jul-23,Flat," 438,996 ",121.3
Aug-23,Flat," 446,019 ",123.3
Sep-23,Flat," 447,044 ",123.5